{"coco/bbox_mAP": 0.823, "coco/bbox_mAP_50": 0.969, "coco/bbox_mAP_75": 0.969, "coco/bbox_mAP_s": -1.0, "coco/bbox_mAP_m": -1.0, "coco/bbox_mAP_l": 0.823, "data_time": 0.2646561319177801, "time": 0.3673379204489968}